{"cameraMode":{"drawMode":0,"name":"Shaded","section":"Shading Mode"},"sceneLighting":true,"audioPlay":false,"sceneViewState":{"showFog":false,"showMaterialUpdate":false,"showSkybox":false,"showFlares":false,"showImageEffects":false,"showParticleSystems":false},"in2DMode":false,"pivot":{"x":-14.285917282104493,"y":1.0750808715820313,"z":-0.11408281326293946},"rotation":{"x":0.32569459080696108,"y":-0.05809711292386055,"z":0.020055430009961129,"w":0.9434767365455627},"size":6.208538055419922,"orthographic":true}