{"cameraMode":{"drawMode":0,"name":"Shaded","section":"Shading Mode"},"sceneLighting":true,"audioPlay":false,"sceneViewState":{"showFog":false,"showMaterialUpdate":false,"showSkybox":false,"showFlares":false,"showImageEffects":false,"showParticleSystems":false},"in2DMode":false,"pivot":{"x":-9.800000190734864,"y":0.6999999284744263,"z":-3.200000047683716},"rotation":{"x":0.32569459080696108,"y":-0.05809711292386055,"z":0.020055430009961129,"w":0.9434767365455627},"size":51.097904205322269,"orthographic":true}