{"cameraMode":{"drawMode":0,"name":"Shaded","section":"Shading Mode"},"sceneLighting":true,"audioPlay":false,"sceneViewState":{"showFog":false,"showMaterialUpdate":false,"showSkybox":false,"showFlares":false,"showImageEffects":false,"showParticleSystems":false},"in2DMode":false,"pivot":{"x":-9.800000190734864,"y":0.6999999284744263,"z":-3.200000047683716},"rotation":{"x":0.306378036737442,"y":0.00856698863208294,"z":-0.002757519017904997,"w":0.9518688321113586},"size":34.89226531982422,"orthographic":true}