{"cameraMode":{"drawMode":0,"name":"Shaded","section":"Shading Mode"},"sceneLighting":true,"audioPlay":false,"sceneViewState":{"showFog":true,"showMaterialUpdate":false,"showSkybox":true,"showFlares":true,"showImageEffects":true,"showParticleSystems":true},"in2DMode":false,"pivot":{"x":0.8860931396484375,"y":0.42516428232192995,"z":-1.2595877647399903},"rotation":{"x":0.011429994367063046,"y":-0.9313591122627258,"z":0.029347559437155725,"w":0.36273902654647829},"size":3.4414780139923097,"orthographic":false}